
{
  "header": {
    "reportVersion": 1,
    "event": "Allocation failed - JavaScript heap out of memory",
    "trigger": "FatalError",
    "filename": "report.20200817.020321.227.0.001.json",
    "dumpEventTime": "2020-08-17T02:03:21Z",
    "dumpEventTimeStamp": "1597622601928",
    "processId": 227,
    "cwd": "/mnt/c/Users/mouss/OneDrive/Bureau/Infographie DWM 2/2ème Q2/Front Dev DWMO3 (Thronte)/Workflow/workflow + bulma 3.0",
    "commandLine": [
      "node",
      "node_modules/webpack/bin/webpack.js",
      "--watch",
      "--progress",
      "--hide-modules",
      "--config=node_modules/laravel-mix/setup/webpack.config.js"
    ],
    "nodejsVersion": "v12.10.0",
    "glibcVersionRuntime": "2.27",
    "glibcVersionCompiler": "2.17",
    "wordSize": 64,
    "arch": "x64",
    "platform": "linux",
    "componentVersions": {
      "node": "12.10.0",
      "v8": "7.6.303.29-node.16",
      "uv": "1.31.0",
      "zlib": "1.2.11",
      "brotli": "1.0.7",
      "ares": "1.15.0",
      "modules": "72",
      "nghttp2": "1.39.2",
      "napi": "4",
      "llhttp": "1.1.4",
      "http_parser": "2.8.0",
      "openssl": "1.1.1c",
      "cldr": "35.1",
      "icu": "64.2",
      "tz": "2019a",
      "unicode": "12.1"
    },
    "release": {
      "name": "node",
      "headersUrl": "https://nodejs.org/download/release/v12.10.0/node-v12.10.0-headers.tar.gz",
      "sourceUrl": "https://nodejs.org/download/release/v12.10.0/node-v12.10.0.tar.gz"
    },
    "osName": "Linux",
    "osRelease": "4.4.0-18362-Microsoft",
    "osVersion": "#836-Microsoft Mon May 05 16:04:00 PST 2020",
    "osMachine": "x86_64",
    "cpus": [
      {
        "model": "Intel(R) Core(TM) i7-8750H CPU @ 2.20GHz",
        "speed": 2208,
        "user": 6984600,
        "nice": 0,
        "sys": 12278900,
        "idle": 111922100,
        "irq": 2148500
      },
      {
        "model": "Intel(R) Core(TM) i7-8750H CPU @ 2.20GHz",
        "speed": 2208,
        "user": 4920600,
        "nice": 0,
        "sys": 6875900,
        "idle": 119389300,
        "irq": 572100
      },
      {
        "model": "Intel(R) Core(TM) i7-8750H CPU @ 2.20GHz",
        "speed": 2208,
        "user": 18788700,
        "nice": 0,
        "sys": 13948200,
        "idle": 98448700,
        "irq": 136800
      },
      {
        "model": "Intel(R) Core(TM) i7-8750H CPU @ 2.20GHz",
        "speed": 2208,
        "user": 5910400,
        "nice": 0,
        "sys": 5667800,
        "idle": 119607600,
        "irq": 55700
      },
      {
        "model": "Intel(R) Core(TM) i7-8750H CPU @ 2.20GHz",
        "speed": 2208,
        "user": 9290700,
        "nice": 0,
        "sys": 11969800,
        "idle": 109925100,
        "irq": 116200
      },
      {
        "model": "Intel(R) Core(TM) i7-8750H CPU @ 2.20GHz",
        "speed": 2208,
        "user": 4878200,
        "nice": 0,
        "sys": 8229500,
        "idle": 118078100,
        "irq": 112000
      },
      {
        "model": "Intel(R) Core(TM) i7-8750H CPU @ 2.20GHz",
        "speed": 2208,
        "user": 8318400,
        "nice": 0,
        "sys": 9902300,
        "idle": 112965000,
        "irq": 95600
      },
      {
        "model": "Intel(R) Core(TM) i7-8750H CPU @ 2.20GHz",
        "speed": 2208,
        "user": 5308500,
        "nice": 0,
        "sys": 8106700,
        "idle": 117770400,
        "irq": 92300
      },
      {
        "model": "Intel(R) Core(TM) i7-8750H CPU @ 2.20GHz",
        "speed": 2208,
        "user": 7847900,
        "nice": 0,
        "sys": 8891400,
        "idle": 114446400,
        "irq": 93900
      },
      {
        "model": "Intel(R) Core(TM) i7-8750H CPU @ 2.20GHz",
        "speed": 2208,
        "user": 4661000,
        "nice": 0,
        "sys": 6908500,
        "idle": 119616000,
        "irq": 76500
      },
      {
        "model": "Intel(R) Core(TM) i7-8750H CPU @ 2.20GHz",
        "speed": 2208,
        "user": 7382000,
        "nice": 0,
        "sys": 8931400,
        "idle": 114872300,
        "irq": 92100
      },
      {
        "model": "Intel(R) Core(TM) i7-8750H CPU @ 2.20GHz",
        "speed": 2208,
        "user": 3949500,
        "nice": 0,
        "sys": 7102600,
        "idle": 120133500,
        "irq": 66200
      }
    ],
    "networkInterfaces": [
      {
        "name": "eth2",
        "internal": false,
        "mac": "00:50:56:c0:00:01",
        "address": "192.168.202.1",
        "netmask": "255.255.255.0",
        "family": "IPv4"
      },
      {
        "name": "eth2",
        "internal": false,
        "mac": "00:50:56:c0:00:01",
        "address": "fe80::2903:3ee5:b918:a",
        "netmask": "ffff:ffff:ffff:ffff::",
        "family": "IPv6",
        "scopeid": 20
      },
      {
        "name": "eth3",
        "internal": false,
        "mac": "00:50:56:c0:00:08",
        "address": "192.168.168.1",
        "netmask": "255.255.255.0",
        "family": "IPv4"
      },
      {
        "name": "eth3",
        "internal": false,
        "mac": "00:50:56:c0:00:08",
        "address": "fe80::8cd5:57ce:a8f1:6b99",
        "netmask": "ffff:ffff:ffff:ffff::",
        "family": "IPv6",
        "scopeid": 12
      },
      {
        "name": "lo",
        "internal": true,
        "mac": "00:00:00:00:00:00",
        "address": "127.0.0.1",
        "netmask": "255.0.0.0",
        "family": "IPv4"
      },
      {
        "name": "lo",
        "internal": true,
        "mac": "00:00:00:00:00:00",
        "address": "::1",
        "netmask": "ffff:ffff:ffff:ffff:ffff:ffff:ffff:ffff",
        "family": "IPv6",
        "scopeid": 0
      },
      {
        "name": "wifi3",
        "internal": false,
        "mac": "20:0d:b0:40:09:d5",
        "address": "192.168.1.48",
        "netmask": "255.255.255.0",
        "family": "IPv4"
      },
      {
        "name": "wifi3",
        "internal": false,
        "mac": "20:0d:b0:40:09:d5",
        "address": "2a02:a03f:6b43:e700:5882:890a:1b58:9c07",
        "netmask": "ffff:ffff:ffff:ffff::",
        "family": "IPv6",
        "scopeid": 0
      },
      {
        "name": "wifi3",
        "internal": false,
        "mac": "20:0d:b0:40:09:d5",
        "address": "2a02:a03f:6b43:e700:300e:32:f1de:7a66",
        "netmask": "ffff:ffff:ffff:ffff:ffff:ffff:ffff:ffff",
        "family": "IPv6",
        "scopeid": 0
      },
      {
        "name": "wifi3",
        "internal": false,
        "mac": "20:0d:b0:40:09:d5",
        "address": "fe80::5882:890a:1b58:9c07",
        "netmask": "ffff:ffff:ffff:ffff::",
        "family": "IPv6",
        "scopeid": 16
      }
    ],
    "host": "LAPTOP-SHJ1U7EP"
  },
  "javascriptStack": {
    "message": "No stack.",
    "stack": [
      "Unavailable."
    ]
  },
  "nativeStack": [
    {
      "pc": "0x0000000000ae3e75",
      "symbol": "report::TriggerNodeReport(v8::Isolate*, node::Environment*, char const*, char const*, std::string const&, v8::Local<v8::String>) [node]"
    },
    {
      "pc": "0x00000000009bdd83",
      "symbol": "node::OnFatalError(char const*, char const*) [node]"
    },
    {
      "pc": "0x0000000000b1948e",
      "symbol": "v8::Utils::ReportOOMFailure(v8::internal::Isolate*, char const*, bool) [node]"
    },
    {
      "pc": "0x0000000000b19809",
      "symbol": "v8::internal::V8::FatalProcessOutOfMemory(v8::internal::Isolate*, char const*, bool) [node]"
    },
    {
      "pc": "0x0000000000cca1f5",
      "symbol": " [node]"
    },
    {
      "pc": "0x0000000000cca866",
      "symbol": "v8::internal::Heap::RecomputeLimits(v8::internal::GarbageCollector) [node]"
    },
    {
      "pc": "0x0000000000cd609a",
      "symbol": "v8::internal::Heap::PerformGarbageCollection(v8::internal::GarbageCollector, v8::GCCallbackFlags) [node]"
    },
    {
      "pc": "0x0000000000cd6fa5",
      "symbol": "v8::internal::Heap::CollectGarbage(v8::internal::AllocationSpace, v8::internal::GarbageCollectionReason, v8::GCCallbackFlags) [node]"
    },
    {
      "pc": "0x0000000000cd9a68",
      "symbol": "v8::internal::Heap::AllocateRawWithRetryOrFail(int, v8::internal::AllocationType, v8::internal::AllocationAlignment) [node]"
    },
    {
      "pc": "0x0000000000ca1597",
      "symbol": "v8::internal::Factory::NewFillerObject(int, bool, v8::internal::AllocationType) [node]"
    },
    {
      "pc": "0x0000000000fc9708",
      "symbol": "v8::internal::Runtime_AllocateInYoungGeneration(int, unsigned long*, v8::internal::Isolate*) [node]"
    },
    {
      "pc": "0x000000000134e879",
      "symbol": " [node]"
    }
  ],
  "javascriptHeap": {
    "totalMemory": 2179325952,
    "totalCommittedMemory": 2170468552,
    "usedMemory": 2050971496,
    "availableMemory": 104894624,
    "memoryLimit": 2197815296,
    "heapSpaces": {
      "read_only_space": {
        "memorySize": 262144,
        "committedMemory": 31744,
        "capacity": 261832,
        "used": 31432,
        "available": 230400
      },
      "new_space": {
        "memorySize": 33554432,
        "committedMemory": 25958440,
        "capacity": 16757248,
        "used": 3969904,
        "available": 12787344
      },
      "old_space": {
        "memorySize": 2101194752,
        "committedMemory": 2100467440,
        "capacity": 2064535808,
        "used": 2007905520,
        "available": 56630288
      },
      "code_space": {
        "memorySize": 2260992,
        "committedMemory": 1974880,
        "capacity": 1727072,
        "used": 1727072,
        "available": 0
      },
      "map_space": {
        "memorySize": 6557696,
        "committedMemory": 6540112,
        "capacity": 2061600,
        "used": 2061600,
        "available": 0
      },
      "large_object_space": {
        "memorySize": 34873344,
        "committedMemory": 34873344,
        "capacity": 34725408,
        "used": 34725408,
        "available": 0
      },
      "code_large_object_space": {
        "memorySize": 622592,
        "committedMemory": 622592,
        "capacity": 550560,
        "used": 550560,
        "available": 0
      },
      "new_large_object_space": {
        "memorySize": 0,
        "committedMemory": 0,
        "capacity": 16757248,
        "used": 0,
        "available": 16757248
      }
    }
  },
  "resourceUsage": {
    "userCpuSeconds": 948.969,
    "kernelCpuSeconds": 1140.03,
    "cpuConsumptionPercent": 9.73167,
    "maxRss": 2668175360,
    "pageFaults": {
      "IORequired": 0,
      "IONotRequired": 14377195
    },
    "fsActivity": {
      "reads": 0,
      "writes": 0
    }
  },
  "uvthreadResourceUsage": {
    "userCpuSeconds": 574.172,
    "kernelCpuSeconds": 271.531,
    "cpuConsumptionPercent": 3.93973,
    "fsActivity": {
      "reads": 0,
      "writes": 0
    }
  },
  "libuv": [
  ],
  "environmentVariables": {
    "LESSOPEN": "| /usr/bin/lesspipe %s",
    "npm_config_cache_lock_stale": "60000",
    "npm_config_ham_it_up": "",
    "npm_package_dependencies_bulma": "^0.8.2",
    "npm_config_legacy_bundling": "",
    "npm_config_sign_git_tag": "",
    "USER": "momo",
    "npm_config_user_agent": "npm/6.10.3 node/v12.10.0 linux x64",
    "npm_config_always_auth": "",
    "npm_config_bin_links": "true",
    "npm_config_key": "",
    "npm_config_description": "true",
    "npm_config_fetch_retries": "2",
    "npm_config_heading": "npm",
    "npm_config_init_version": "1.0.0",
    "npm_config_allow_same_version": "",
    "npm_config_if_present": "",
    "npm_config_user": "",
    "npm_node_execpath": "/usr/bin/node",
    "SHLVL": "1",
    "npm_config_prefer_online": "",
    "npm_config_noproxy": "",
    "HOME": "/home/momo",
    "npm_package_devDependencies_sass": "^1.24.4",
    "npm_config_force": "",
    "npm_config_only": "",
    "npm_config_read_only": "",
    "npm_config_cache_min": "10",
    "npm_config_init_license": "ISC",
    "npm_config_editor": "vi",
    "npm_config_rollback": "true",
    "npm_config_tag_version_prefix": "v",
    "npm_package_scripts_production": "cross-env NODE_ENV=development node_modules/webpack/bin/webpack.js --no-progress --hide-modules --config=node_modules/laravel-mix/setup/webpack.config.js",
    "npm_package_devDependencies_resolve_url_loader": "^3.1.0",
    "npm_config_cache_max": "Infinity",
    "npm_config_userconfig": "/home/momo/.npmrc",
    "npm_config_timing": "",
    "npm_config_tmp": "/tmp",
    "npm_config_engine_strict": "",
    "npm_config_init_author_name": "",
    "npm_config_init_author_url": "",
    "npm_config_preid": "",
    "WSL_DISTRO_NAME": "Ubuntu",
    "npm_package_description": "## Install",
    "npm_config_depth": "Infinity",
    "npm_config_package_lock_only": "",
    "npm_config_save_dev": "",
    "npm_config_usage": "",
    "npm_package_readmeFilename": "README.md",
    "npm_config_metrics_registry": "https://registry.npmjs.org/",
    "npm_config_package_lock": "true",
    "npm_config_progress": "true",
    "npm_config_cafile": "",
    "npm_config_otp": "",
    "npm_config_https_proxy": "",
    "npm_config_save_prod": "",
    "npm_package_scripts_dev": "cross-env NODE_ENV=development node_modules/webpack/bin/webpack.js --progress --hide-modules --config=node_modules/laravel-mix/setup/webpack.config.js",
    "npm_config_audit": "true",
    "npm_config_sso_type": "oauth",
    "npm_config_cidr": "",
    "npm_config_onload_script": "",
    "LOGNAME": "momo",
    "npm_package_scripts_clean": "rimraf dist",
    "npm_package_devDependencies_vue_template_compiler": "^2.6.11",
    "npm_config_rebuild_bundle": "true",
    "npm_config_shell": "/bin/bash",
    "npm_config_save_bundle": "",
    "NAME": "LAPTOP-SHJ1U7EP",
    "_": "/usr/bin/npm",
    "npm_config_prefix": "/usr",
    "npm_config_dry_run": "",
    "npm_config_scope": "",
    "npm_config_cache_lock_wait": "10000",
    "npm_config_registry": "https://registry.npmjs.org/",
    "npm_config_browser": "",
    "npm_config_ignore_prepublish": "",
    "npm_config_save_optional": "",
    "npm_config_searchopts": "",
    "npm_config_versions": "",
    "TERM": "xterm-256color",
    "npm_package_devDependencies_browser_sync": "^2.26.7",
    "npm_config_cache": "/home/momo/.npm",
    "npm_config_proxy": "",
    "npm_config_send_metrics": "",
    "npm_package_scripts_start": "npm run watch",
    "npm_config_global_style": "",
    "npm_config_ignore_scripts": "",
    "npm_config_version": "",
    "npm_config_viewer": "man",
    "npm_config_node_gyp": "/usr/lib/node_modules/npm/node_modules/node-gyp/bin/node-gyp.js",
    "npm_config_local_address": "",
    "PATH": "/usr/lib/node_modules/npm/node_modules/npm-lifecycle/node-gyp-bin:/mnt/c/Users/mouss/OneDrive/Bureau/Infographie DWM 2/2ème Q2/Front Dev DWMO3 (Thronte)/Workflow/workflow + bulma 3.0/node_modules/.bin:/usr/lib/node_modules/npm/node_modules/npm-lifecycle/node-gyp-bin:/mnt/c/Users/mouss/OneDrive/Bureau/Infographie DWM 2/2ème Q2/Front Dev DWMO3 (Thronte)/Workflow/workflow + bulma 3.0/node_modules/.bin:/usr/local/sbin:/usr/local/bin:/usr/sbin:/usr/bin:/sbin:/bin:/usr/games:/usr/local/games:/mnt/c/Program Files (x86)/Common Files/Intel/Shared Libraries/redist/intel64/compiler:/mnt/c/Program Files (x86)/Common Files/Oracle/Java/javapath:/mnt/c/Windows/system32:/mnt/c/Windows:/mnt/c/Windows/System32/Wbem:/mnt/c/Windows/System32/WindowsPowerShell/v1.0/:/mnt/c/Windows/System32/OpenSSH/:/mnt/c/Program Files (x86)/NVIDIA Corporation/PhysX/Common:/mnt/c/Program Files (x86)/Brackets/command:/mnt/c/Program Files/Microsoft SQL Server/Client SDK/ODBC/130/Tools/Binn/:/mnt/c/Program Files (x86)/Microsoft SQL Server/140/Tools/Binn/:/mnt/c/Program Files/Microsoft SQL Server/140/Tools/Binn/:/mnt/c/Program Files/Microsoft SQL Server/140/DTS/Binn/:/mnt/c/Program Files (x86)/Microsoft SQL Server/140/DTS/Binn/:/mnt/c/Program Files/dotnet/:/mnt/c/Program Files/Microsoft SQL Server/130/Tools/Binn/:/mnt/c/Program Files/Microsoft SQL Server/Client SDK/ODBC/170/Tools/Binn/:/mnt/c/Program Files/Microsoft/Web Platform Installer/:/mnt/c/Program Files (x86)/Microsoft ASP.NET/ASP.NET Web Pages/v1.0/:/mnt/c/Program Files (x86)/Windows Kits/8.0/Windows Performance Toolkit/:/mnt/c/Program Files/Microsoft SQL Server/110/Tools/Binn/:/mnt/c/Program Files (x86)/Microsoft SQL Server/110/Tools/Binn/:/mnt/c/Program Files/Microsoft SQL Server/110/DTS/Binn/:/mnt/c/Program Files (x86)/Microsoft SQL Server/110/Tools/Binn/ManagementStudio/:/mnt/c/Program Files (x86)/Microsoft SQL Server/110/DTS/Binn/:/mnt/c/Program Files/nodejs/:/mnt/c/Program Files/Google/Google Apps Sync/:/mnt/c/Program Files/Google/Google Apps Migration/:/mnt/c/Program Files (x86)/Intel/Intel(R) Management Engine Components/DAL:/mnt/c/Program Files/Intel/Intel(R) Management Engine Components/DAL:/mnt/c/xampp/apache/bin:/mnt/c/WINDOWS/system32:/mnt/c/WINDOWS:/mnt/c/WINDOWS/System32/Wbem:/mnt/c/WINDOWS/System32/WindowsPowerShell/v1.0/:/mnt/c/WINDOWS/System32/OpenSSH/:/mnt/c/Program Files/NVIDIA Corporation/NVIDIA NvDLISR:/mnt/c/Users/mouss/AppData/Local/Microsoft/WindowsApps:/mnt/c/Users/mouss/AppData/Roaming/npm:/mnt/c/Users/mouss/AppData/Local/Programs/Microsoft VS Code/bin:/snap/bin",
    "NODE": "/usr/bin/node",
    "npm_package_name": "@dwmaj/workflow",
    "npm_config_audit_level": "low",
    "npm_config_prefer_offline": "",
    "npm_config_color": "true",
    "npm_config_sign_git_commit": "",
    "npm_config_fetch_retry_mintimeout": "10000",
    "npm_config_maxsockets": "50",
    "npm_config_sso_poll_frequency": "500",
    "npm_config_offline": "",
    "LANG": "C.UTF-8",
    "npm_config_umask": "0000",
    "LS_COLORS": "rs=0:di=01;34:ln=01;36:mh=00:pi=40;33:so=01;35:do=01;35:bd=40;33;01:cd=40;33;01:or=40;31;01:mi=00:su=37;41:sg=30;43:ca=30;41:tw=30;42:ow=34;42:st=37;44:ex=01;32:*.tar=01;31:*.tgz=01;31:*.arc=01;31:*.arj=01;31:*.taz=01;31:*.lha=01;31:*.lz4=01;31:*.lzh=01;31:*.lzma=01;31:*.tlz=01;31:*.txz=01;31:*.tzo=01;31:*.t7z=01;31:*.zip=01;31:*.z=01;31:*.Z=01;31:*.dz=01;31:*.gz=01;31:*.lrz=01;31:*.lz=01;31:*.lzo=01;31:*.xz=01;31:*.zst=01;31:*.tzst=01;31:*.bz2=01;31:*.bz=01;31:*.tbz=01;31:*.tbz2=01;31:*.tz=01;31:*.deb=01;31:*.rpm=01;31:*.jar=01;31:*.war=01;31:*.ear=01;31:*.sar=01;31:*.rar=01;31:*.alz=01;31:*.ace=01;31:*.zoo=01;31:*.cpio=01;31:*.7z=01;31:*.rz=01;31:*.cab=01;31:*.wim=01;31:*.swm=01;31:*.dwm=01;31:*.esd=01;31:*.jpg=01;35:*.jpeg=01;35:*.mjpg=01;35:*.mjpeg=01;35:*.gif=01;35:*.bmp=01;35:*.pbm=01;35:*.pgm=01;35:*.ppm=01;35:*.tga=01;35:*.xbm=01;35:*.xpm=01;35:*.tif=01;35:*.tiff=01;35:*.png=01;35:*.svg=01;35:*.svgz=01;35:*.mng=01;35:*.pcx=01;35:*.mov=01;35:*.mpg=01;35:*.mpeg=01;35:*.m2v=01;35:*.mkv=01;35:*.webm=01;35:*.ogm=01;35:*.mp4=01;35:*.m4v=01;35:*.mp4v=01;35:*.vob=01;35:*.qt=01;35:*.nuv=01;35:*.wmv=01;35:*.asf=01;35:*.rm=01;35:*.rmvb=01;35:*.flc=01;35:*.avi=01;35:*.fli=01;35:*.flv=01;35:*.gl=01;35:*.dl=01;35:*.xcf=01;35:*.xwd=01;35:*.yuv=01;35:*.cgm=01;35:*.emf=01;35:*.ogv=01;35:*.ogx=01;35:*.aac=00;36:*.au=00;36:*.flac=00;36:*.m4a=00;36:*.mid=00;36:*.midi=00;36:*.mka=00;36:*.mp3=00;36:*.mpc=00;36:*.ogg=00;36:*.ra=00;36:*.wav=00;36:*.oga=00;36:*.opus=00;36:*.spx=00;36:*.xspf=00;36:",
    "npm_package_main": "src/index.html",
    "npm_config_fetch_retry_maxtimeout": "60000",
    "npm_config_loglevel": "notice",
    "npm_config_logs_max": "10",
    "npm_config_message": "%s",
    "npm_lifecycle_script": "cross-env NODE_ENV=development node_modules/webpack/bin/webpack.js --watch --progress --hide-modules --config=node_modules/laravel-mix/setup/webpack.config.js",
    "npm_config_ca": "",
    "npm_config_cert": "",
    "npm_config_global": "",
    "npm_config_link": "",
    "SHELL": "/bin/bash",
    "npm_package_version": "1.0.2",
    "npm_config_save": "true",
    "npm_config_unicode": "true",
    "npm_config_access": "",
    "npm_config_also": "",
    "npm_lifecycle_event": "watch",
    "npm_package_scripts_build": "npm run clean && npm run production",
    "npm_config_argv": "{\"remain\":[],\"cooked\":[\"run\",\"watch\"],\"original\":[\"run\",\"watch\"]}",
    "npm_config_searchlimit": "20",
    "npm_config_unsafe_perm": "true",
    "npm_config_update_notifier": "true",
    "npm_config_before": "",
    "npm_config_long": "",
    "npm_config_production": "",
    "LESSCLOSE": "/usr/bin/lesspipe %s %s",
    "npm_package_author": "",
    "npm_config_auth_type": "legacy",
    "npm_config_node_version": "12.10.0",
    "npm_config_tag": "latest",
    "npm_package_devDependencies_sass_loader": "^8.0.1",
    "npm_config_git_tag_version": "true",
    "npm_config_commit_hooks": "true",
    "npm_config_shrinkwrap": "true",
    "npm_config_script_shell": "",
    "npm_package_license": "SEE LICENSE IN UNLICENSE",
    "npm_config_fetch_retry_factor": "10",
    "npm_config_strict_ssl": "true",
    "npm_config_save_exact": "",
    "npm_config_globalconfig": "/usr/etc/npmrc",
    "npm_config_init_module": "/home/momo/.npm-init.js",
    "npm_config_dev": "",
    "npm_config_parseable": "",
    "PWD": "/mnt/c/Users/mouss/OneDrive/Bureau/Infographie DWM 2/2ème Q2/Front Dev DWMO3 (Thronte)/Workflow/workflow + bulma 3.0",
    "npm_config_globalignorefile": "/usr/etc/npmignore",
    "npm_execpath": "/usr/lib/node_modules/npm/bin/npm-cli.js",
    "XDG_DATA_DIRS": "/usr/local/share:/usr/share:/var/lib/snapd/desktop",
    "npm_package_devDependencies_laravel_mix": "^5.0.0",
    "npm_config_cache_lock_retries": "10",
    "npm_config_searchstaleness": "900",
    "npm_package_scripts_watch": "cross-env NODE_ENV=development node_modules/webpack/bin/webpack.js --watch --progress --hide-modules --config=node_modules/laravel-mix/setup/webpack.config.js",
    "npm_package_devDependencies_cross_env": "^7.0.0",
    "npm_config_save_prefix": "^",
    "npm_config_scripts_prepend_node_path": "warn-only",
    "npm_config_node_options": "",
    "npm_package_devDependencies_browser_sync_webpack_plugin": "^2.0.1",
    "npm_config_group": "1000",
    "npm_config_init_author_email": "",
    "npm_config_searchexclude": "",
    "HOSTTYPE": "x86_64",
    "npm_config_git": "git",
    "npm_config_optional": "true",
    "WSLENV": "",
    "INIT_CWD": "/mnt/c/Users/mouss/OneDrive/Bureau/Infographie DWM 2/2ème Q2/Front Dev DWMO3 (Thronte)/Workflow/workflow + bulma 3.0",
    "npm_config_json": "",
    "NODE_ENV": "development"
  },
  "userLimits": {
    "core_file_size_blocks": {
      "soft": 0,
      "hard": "unlimited"
    },
    "data_seg_size_kbytes": {
      "soft": "unlimited",
      "hard": "unlimited"
    },
    "file_size_blocks": {
      "soft": "unlimited",
      "hard": "unlimited"
    },
    "max_locked_memory_bytes": {
      "soft": 65536,
      "hard": 65536
    },
    "max_memory_size_kbytes": {
      "soft": "unlimited",
      "hard": "unlimited"
    },
    "open_files": {
      "soft": 65536,
      "hard": 65536
    },
    "stack_size_bytes": {
      "soft": 8388608,
      "hard": 8388608
    },
    "cpu_time_seconds": {
      "soft": "unlimited",
      "hard": "unlimited"
    },
    "max_user_processes": {
      "soft": 7823,
      "hard": 7823
    },
    "virtual_memory_kbytes": {
      "soft": "unlimited",
      "hard": "unlimited"
    }
  },
  "sharedObjects": [
    "linux-vdso.so.1",
    "/lib/x86_64-linux-gnu/libdl.so.2",
    "/lib/x86_64-linux-gnu/librt.so.1",
    "/usr/lib/x86_64-linux-gnu/libstdc++.so.6",
    "/lib/x86_64-linux-gnu/libm.so.6",
    "/lib/x86_64-linux-gnu/libgcc_s.so.1",
    "/lib/x86_64-linux-gnu/libpthread.so.0",
    "/lib/x86_64-linux-gnu/libc.so.6",
    "/lib64/ld-linux-x86-64.so.2",
    "/mnt/c/Users/mouss/node_modules/node-sass/vendor/linux-x64-72/binding.node"
  ]
}